SET SQL_MODE="NO_AUTO_VALUE_ON_ZERO";


/*!40101 SET @OLD_CHARACTER_SET_CLIENT=@@CHARACTER_SET_CLIENT */;
/*!40101 SET @OLD_CHARACTER_SET_RESULTS=@@CHARACTER_SET_RESULTS */;
/*!40101 SET @OLD_COLLATION_CONNECTION=@@COLLATION_CONNECTION */;
/*!40101 SET NAMES utf8 */;

--
-- База данных: `schedule`
--

USE schedule;


INSERT INTO `schedule_faculty` (`id`, `fac_full`, `fac_short`) VALUES
(1, 'Механический факультет', 'МФ'),
(2, 'Факультет авиационных систем и комплексов', 'ФАСК'),
(3, 'Факультет управления на воздушном транспорте', 'ФУВТ'),
(4, 'Факультет прикладной математики и вычислительной техники', 'ФПМиВТ');


INSERT INTO `schedule_speciality` (`id`, `spec_full`, `spec_short`, `faculty_id`) VALUES
(1, 'Техническая эксплуатация летательных аппаратов и двигателей', 'М', 1),
(2, 'Техносферная безопасность', 'БТП', 1),
(3, 'Аэронавигация', 'УВД', 2),
(4, 'Техническая эксплуатация авиационных электросистем и пилотажно-навигационнных комплексов', 'АК', 2),
(5, 'Техническая эксплуатация транспортного радиооборудования', 'РС', 2),
(6, 'Технология транспортных процессов', 'ОП', 3),
(7, 'Менеджмент', 'ЭК', 3),
(8, 'Связи с общественностью', 'СО', 3),
(9, 'Прикладная математика', 'ПМ', 4),
(10, 'Информатика и вычислительная техника', 'ЭВМ', 4),
(11, 'Информационная безопасность телекоммуникационных систем', 'БИ', 4);


INSERT INTO `schedule_group` (`id`, `title`, `course`, `spec_id`) VALUES
(1, 'М 4-1', 4, 1),
(2, 'М 4-2', 4, 1),
(3, 'М 5-1', 5, 1),
(4, 'МАГ 1-1', 1, 1),
(5, 'МАГ 2-1', 2, 1),
(6, 'МАГ 2-2', 2, 1),
(7, 'МБ 4-1', 4, 1),
(8, 'МБб 1-1', 1, 1),
(9, 'МБб 1-2', 1, 1),
(10, 'МБб 1-3', 1, 1),
(11, 'МБб 1-4', 1, 1),
(12, 'МБб 2-1', 2, 1),
(13, 'МБб 2-2', 2, 1),
(14, 'МБб 2-3', 2, 1),
(15, 'МБб 2-4', 2, 1),
(16, 'МБб 3-1', 3, 1),
(17, 'МБб 3-2', 3, 1),
(18, 'МБб 3-3', 3, 1),
(19, 'МБб 3-4', 3, 1),
(20, 'МГ 4-3', 4, 1),
(21, 'МГ 5-2', 5, 1),
(22, 'АБ 4-1', 4, 2),
(23, 'АБ 5-1', 5, 2),
(24, 'БТП 4-1', 4, 2),
(25, 'БТП 5-1', 5, 2),
(26, 'БТПб 1-1', 1, 2),
(27, 'БТПб 1-2', 1, 2),
(28, 'БТПб 2-1', 2, 2),
(29, 'БТПб 2-2', 2, 2),
(30, 'БТПб 3-1', 3, 2),
(31, 'БТПб 3-2', 3, 2),
(32, 'БТПб 3-3', 3, 2),
(33, 'АК 4-1', 4, 4),
(34, 'АК 4-2', 4, 4),
(35, 'АК 5-1', 5, 4),
(36, 'АКб 1-1', 1, 4),
(37, 'АКб 1-2', 1, 4),
(38, 'АКб 1-3', 1, 4),
(39, 'АКб 2-2', 2, 4),
(40, 'АКб 2-3', 2, 4),
(41, 'АКб 3-1', 3, 4),
(42, 'АКб 3-2', 3, 4),
(43, 'АКб2-1', 2, 4),
(44, 'РС 4-1', 4, 5),
(45, 'РС 5-1', 5, 5),
(46, 'РТ 1-1', 1, 5),
(47, 'РТ 2-1', 2, 5),
(48, 'РТ 3-1', 3, 5),
(49, 'УВД 4-1', 4, 3),
(50, 'УВД 4-2', 4, 3),
(51, 'УВД 5-1', 5, 3),
(52, 'УВДб 1-1', 1, 3),
(53, 'УВДб 1-2', 1, 3),
(54, 'УВДб 2-1', 2, 3),
(55, 'УВДб 2-2', 2, 3),
(56, 'УВДб 3-1', 3, 3),
(57, 'УВДб 3-2', 3, 3),
(58, 'БИ 4-1', 4, 11),
(59, 'БИ 4-2', 4, 11),
(60, 'БИ 5-1', 5, 11),
(61, 'БИ 5-2', 5, 11),
(62, 'БИТ 1-1', 1, 11),
(63, 'БИТ 1-2', 1, 11),
(64, 'БИТ 2-1', 2, 11),
(65, 'БИТ 2-2', 2, 11),
(66, 'БИТ 3-1', 3, 11),
(67, 'БИТ 3-2', 3, 11),
(68, 'ПМ 4-1', 4, 9),
(69, 'ПМ 5-1', 5, 9),
(70, 'ПМб 1-1', 1, 9),
(71, 'ПМб 2-1', 2, 9),
(72, 'ПМб 3-1', 3, 9),
(73, 'ЭВМ 4-1', 4, 10),
(74, 'ЭВМ 4-2', 4, 10),
(75, 'ЭВМ 5-1', 5, 10),
(76, 'ЭВМб 1-1', 1, 10),
(77, 'ЭВМб 1-2', 1, 10),
(78, 'ЭВМб 2-1', 2, 10),
(79, 'ЭВМб 2-2', 2, 10),
(80, 'ЭВМб 3-1', 3, 10),
(81, 'ОП 4-1', 4, 6),
(82, 'ОП 4-2', 4, 6),
(83, 'ОП 5-1', 5, 6),
(84, 'ОП 5-2', 5, 6),
(85, 'ОПб 1-1', 1, 6),
(86, 'ОПб 1-2', 1, 6),
(87, 'ОПб 2-1', 2, 6),
(88, 'ОПб 2-2', 2, 6),
(89, 'ОПб 3-1', 3, 6),
(90, 'ОПб 3-2', 3, 6),
(91, 'СО 4-1', 4, 8),
(92, 'СО 5-1', 5, 8),
(93, 'СОб 1-1', 1, 8),
(94, 'СОб 1-2', 1, 8),
(95, 'СОБ 2-1', 2, 8),
(96, 'СОБ 2-2', 2, 8),
(97, 'СОБ 3-1', 3, 8),
(98, 'СОБ 3-2', 3, 8),
(99, 'ЭК 4-1', 4, 7),
(100, 'ЭК 5-1', 5, 7),
(101, 'ЭКб 4-1', 4, 7),
(102, 'ЭКБ3-1', 3, 7),
(103, 'ЭКБб 1-1', 1, 7),
(104, 'ЭКБб 1-2', 1, 7),
(105, 'ЭКБб 2-1', 2, 7),
(106, 'ЭКБб 2-2', 2, 7),
(107, 'ЭКБб 3-2', 3, 7);